ID,Name,GPA
231566,Alan,4.000000
4,Trinh,1.000000
